,Date,Close,High,Low,Open,Volume,3D_MA,5D_MA,3D_EMA,5D_EMA
3,2024-03-04,133.7195281982422,136.1408361111928,132.38432937436133,136.05114677800287,43571500,,,133.7195281982422,133.7195281982422
4,2024-03-05,133.30104064941406,133.54018687674454,131.0790287355471,132.2647707393013,28447600,,,133.51028442382812,133.5800323486328
5,2024-03-06,132.08538818359375,134.25759095655891,131.477571580588,133.75938112472332,23175200,133.03531901041666,,132.79783630371094,133.08181762695312
6,2024-03-07,134.7558135986328,135.3337388830001,132.18504879747854,133.41064084313805,24107300,133.38074747721353,,133.77682495117188,133.6398162841797
7,2024-03-08,135.8020477294922,138.48740638606293,134.31739195949547,134.55155122045034,26472400,134.21441650390625,133.932763671875,134.78943634033203,134.36056009928387
8,2024-03-11,138.44256591796875,139.47883579374053,136.57926580476564,136.57926580476564,22536400,136.3334757486979,134.87737121582032,136.6160011291504,135.72122870551217
9,2024-03-12,139.1201171875,139.77775785522647,137.7151769299223,137.75502702910646,19019700,137.78824361165366,136.0411865234375,137.8680591583252,136.85419153284147
10,2024-03-13,140.26602172851562,141.6809360424644,139.50873293783897,139.55855696946134,19637000,139.27623494466147,137.67731323242188,139.0670404434204,137.99146826473287
11,2024-03-14,143.82322692871094,144.21183003348142,140.97845272322232,141.79053727394816,36117900,141.06978861490884,139.4907958984375,141.44513368606567,139.93538781939225
12,2024-03-15,141.66099548339844,143.8232245385374,140.62472562261846,142.89656145954595,41025900,141.916748046875,140.66258544921874,141.55306458473206,140.510590374061
13,2024-03-18,147.9484100341797,152.3824751748973,147.60963094571133,148.83522306232322,47676700,144.47754414876303,142.56375427246093,144.75073730945587,142.98986359410057
14,2024-03-19,147.3904266357422,149.08433738873381,146.48368089710854,148.44662927451952,17748400,145.66661071777344,144.2178161621094,146.07058197259903,144.45671794131445
15,2024-03-20,149.14410400390625,149.22381941007393,147.1363187737954,148.25729101600973,17730000,148.16098022460938,145.9934326171875,147.60734298825264,146.01917996217838
16,2024-03-21,148.20748901367188,150.76329307208584,147.48009160046513,149.78183414860183,19843900,148.2473398844401,146.8702850341797,147.90741600096226,146.74861631267623
17,2024-03-22,151.22662353515625,152.0137884156608,149.55263051739732,149.7021025962848,19226300,149.52607218424478,148.78341064453124,149.56701976805925,148.24128538683624
18,2024-03-25,150.60882568359375,150.91372985660357,148.2672486026588,150.40954479221847,15114700,150.01431274414062,149.31549377441405,150.0879227258265,149.03046548575543
19,2024-03-26,151.15687561035156,152.6515052608247,150.48927619097265,150.69853103186887,19312700,150.99744160970053,150.06878356933595,150.62239916808903,149.73926886062083
20,2024-03-27,151.39602661132812,152.14334146017634,149.5925092087733,151.60029449451244,16622000,151.0539093017578,150.5191680908203,151.00921288970858,150.29152144418993
21,2024-03-28,151.71487426757812,152.12341003725055,150.78821114550908,151.45581059137982,21105600,151.42259216308594,151.22064514160155,151.36204357864335,150.76597238531934
22,2024-04-01,155.939697265625,156.43790716104235,151.10705519841312,151.28641866692627,24469800,153.0168660481771,152.16325988769532,153.65087042213418,152.49054734542125
23,2024-04-02,155.31195068359375,155.43153139944081,152.91059050030054,154.195965363419,17598100,154.32217407226562,153.1038848876953,154.48141055286396,153.4310151248121
24,2024-04-03,155.81016540527344,155.98952888250986,153.58018644089353,154.3653596791273,17266200,155.68727111816406,154.0345428466797,155.1457879790687,154.22406521829922
25,2024-04-04,151.39602661132812,155.62083682615457,151.3362438560858,154.5247841703396,24184800,154.17271423339844,154.0345428466797,153.2709072951984,153.2813856826422
26,2024-04-05,153.3888702392578,154.28564199977868,150.54009720298788,151.13695170488688,16289800,153.53168741861978,154.3693420410156,153.3298887672281,153.31721386818074
27,2024-04-08,155.58099365234375,156.0941492632382,153.4386970719091,153.46360148631592,16641500,153.4552968343099,154.29760131835937,154.45544120978593,154.0718071295684
28,2024-04-09,157.5738067626953,159.31754119357308,156.0791772505144,156.78664190944272,21538100,155.51455688476562,154.74997253417968,156.01462398624062,155.23914034061073
29,2024-04-10,157.09555053710938,157.59376044097883,155.64077092798036,157.3147641111447,16339200,156.75011698404947,155.00704956054688,156.555087261675,155.8579437394436
30,2024-04-11,160.21432495117188,160.54314529324995,157.3645638573207,157.773099603917,17841700,158.29456075032553,156.7707092285156,158.38470610642344,157.3100708100197
31,2024-04-12,158.6200714111328,161.1210796516623,158.03218737436384,158.83429802050733,16968200,158.64331563313803,157.81694946289062,158.50238875877812,157.7467376770574
32,2024-04-15,155.77029418945312,160.25418285856523,155.59093073652645,159.7061489803977,21140900,158.2015635172526,157.8548095703125,157.13634147411562,157.08792318118932
33,2024-04-16,155.4414825439453,156.66707459145422,154.49488681287485,155.082770822216,15413200,156.6106160481771,157.4283447265625,156.28891200903047,156.53910963544132
34,2024-04-17,156.31834411621094,158.112891079202,155.57600102150587,156.62723182357453,16237800,155.84337361653647,157.2729034423828,156.3036280626207,156.4655211290312
35,2024-04-18,156.89627075195312,157.9175949806136,155.65074598326487,156.3631825019562,14016100,156.21869913736978,156.60929260253906,156.5999494072869,156.60910433667186
36,2024-04-19,155.16249084472656,157.42436802416486,153.35897345831043,157.185221801176,20063900,156.12570190429688,155.91777648925782,155.88122012600672,156.12689983935678
37,2024-04-22,157.38449096679688,158.615069923171,155.10269650893756,155.45143428674442,17243900,156.48108418782553,156.24061584472656,156.6328555464018,156.54609688183683
38,2024-04-23,159.3474578857422,159.9054505596157,157.39945528752162,158.02221768321257,16115400,157.29814656575522,157.02181091308594,157.990156716072,157.47988388313863
39,2024-04-24,160.52322387695312,160.81217890754945,158.25138811890182,158.52041049782164,19485700,159.0850575764974,157.86278686523437,159.25669029651255,158.49433054774346
40,2024-04-25,157.38449096679688,157.71331129729472,152.22105239559522,152.81092812326548,36197800,159.0850575764974,157.96043090820314,158.3205906316547,158.12438402076128
41,2024-04-26,173.06814575195312,175.78836736422082,170.78633605044507,175.35991417728803,56500800,163.65862019856772,161.54156188964845,165.6943681918039,163.10563793115858
42,2024-04-29,167.29885864257812,170.76641008534514,166.46186975811344,170.15859347073578,35914600,165.91716512044272,163.5244354248047,166.496613417191,164.50337816829844
43,2024-04-30,164.05055236816406,169.26182357301482,163.91105420679276,166.7807480454706,29420800,168.1391855875651,164.46505432128907,165.27358289267755,164.35243623492033
44,2024-05-01,164.97723388671875,168.2056243139805,164.30961923983332,165.58503536984085,25223200,165.4422149658203,165.3558563232422,165.12540838969815,164.56070211885316
45,2024-05-02,167.8568878173828,167.92662929789273,165.09680068758766,166.07328784384455,17041100,165.62822469075522,167.45033569335936,166.49114810354047,165.65943068502972
46,2024-05-03,168.38497924804688,169.24190084234326,164.38932631461617,168.9329979479425,22767100,167.07303365071616,166.51370239257812,167.43806367579367,166.56794687270212
47,2024-05-06,169.2219696044922,169.29171108150447,167.28891283812138,168.61415294294423,15147900,168.48794555664062,166.89832458496093,168.33001664014293,167.45262111663214
48,2024-05-07,172.36068725585938,172.84893841580237,169.3913606036193,169.51092611047918,21102400,169.9892120361328,168.5603515625,170.34535194800117,169.08864316304124
49,2024-05-08,170.54721069335938,171.29352204290763,169.9114943965067,170.13867494055083,14569900,170.70995585123697,169.67434692382812,170.44628132068027,169.57483233981395
50,2024-05-09,170.9656982421875,171.8226198138648,169.3215965734214,170.53722985426964,11937700,171.29119873046875,170.29610900878907,170.70598978143389,170.03845430727182
51,2024-05-10,169.6802978515625,170.72654153934016,167.30882939064495,169.08245517580204,18740500,170.39773559570312,170.5551727294922,170.1931438164982,169.9190688220354
52,2024-05-13,170.2881317138672,170.33795574293643,165.1665347312259,165.25322884588954,19648600,170.3113759358724,170.76840515136718,170.2406377651827,170.04208978597933
53,2024-05-14,171.31443786621094,172.1614007232456,169.80984953875443,170.9756588050605,18729500,170.42762247721353,170.5591552734375,170.7775378156968,170.46620581272322
54,2024-05-15,173.25746154785156,173.42286758223202,171.41407902920506,171.68311660419926,20958200,171.62001037597656,171.10120544433593,172.01749968177418,171.39662439109935
55,2024-05-16,174.80191040039062,175.7086560268472,173.4268614766993,173.9748953830279,17247300,173.12460327148438,171.86844787597656,173.40970504108242,172.53171972752978
56,2024-05-17,176.65525817871094,176.8595260605063,174.35353089257487,174.9214974718341,16546400,174.90487670898438,173.26343994140626,175.03248160989668,173.90623254459018
57,2024-05-20,177.8210906982422,179.30574652385303,176.59051159209085,176.67519876385734,17495100,176.42608642578125,174.77003173828126,176.42678615406942,175.2111852624742
58,2024-05-21,178.89720153808594,179.17621306575776,176.67518967434015,177.76128359116808,14706000,177.7911834716797,176.28658447265624,177.66199384607768,176.43985735434478
59,2024-05-22,177.3627166748047,178.21167129439203,176.14708335541994,177.76127849578114,16189400,178.0270029703776,177.10763549804688,177.51235526044118,176.74747712783142
60,2024-05-23,174.43324279785156,179.2658847721692,173.91510025941275,178.13992556483848,14928400,176.89772033691406,177.03390197753907,175.97279902914636,175.97606568450482
61,2024-05-24,175.69869995117188,176.6692118345418,174.5727407452118,175.88802214022633,11400600,175.83155314127603,176.84259033203125,175.83574949015912,175.88361044006052
62,2024-05-28,177.3826446533203,177.87088059052832,175.05101092915075,175.1108088844646,15655300,175.83819580078125,176.75490112304686,176.60919707173971,176.38328851114713
63,2024-05-29,176.76486206054688,177.59189229856364,175.6289441248456,176.1769780421048,15023800,176.6154022216797,176.32843322753905,176.68702956614328,176.51047969428038
64,2024-05-30,172.93861389160156,176.05741265584328,172.60979354101923,176.05741265584328,18844000,175.69537353515625,175.44361267089843,174.81282172887242,175.3198577600541
65,2024-05-31,173.33717346191406,173.79551799837424,170.35787315829236,172.7791656720705,28085200,174.34688313802084,175.22439880371093,174.07499759539326,174.65896299400742
66,2024-06-03,173.7955322265625,175.2303791095979,171.8325840885431,173.25747224750367,20742800,173.35710652669272,174.84376525878906,173.93526491097788,174.37115273819245
67,2024-06-04,174.50299072265625,174.56277347329154,172.59982540525482,173.82541740575343,14066600,173.8785654703776,174.26783447265626,174.21912781681706,174.41509873301374
68,2024-06-05,176.43605041503906,177.33282209813157,174.66240929247357,175.9029622058805,15233900,174.9115244547526,174.2020721435547,175.32758911592805,175.08874929368886
69,2024-06-06,177.7114715576172,178.07018328196713,176.57555363120218,176.79475199215472,14255800,176.21683756510416,175.15664367675782,176.51953033677262,175.96299004833165
70,2024-06-07,175.32005310058594,178.7776308716826,175.1606222905612,177.8210764198521,14716300,176.48919169108072,175.5532196044922,175.91979171867928,175.7486777324164
71,2024-06-10,176.19790649414062,178.03340156140462,173.9534107762424,176.01833892154917,17122200,176.4098103841146,176.0336944580078,176.05884910640995,175.89842065299115
72,2024-06-11,177.75408935546875,177.95359704345114,175.0108167866933,177.28523791690662,14402400,176.42401631673178,176.6839141845703,176.90646923093936,176.51697688715035
73,2024-06-12,179.1207275390625,181.63456695108104,177.34508329367728,179.31026516437785,18600400,177.69090779622397,177.220849609375,178.01359838500093,177.38489377112109
74,2024-06-13,176.30764770507812,178.07330680751824,176.22784158192002,177.40494765021344,15956900,177.72748819986978,176.9400848388672,177.16062304503953,177.02581174910677
75,2024-06-14,177.9336395263672,178.29275944891629,175.42180930133733,175.42180930133733,12361600,177.78733825683594,177.46280212402343,177.54713128570336,177.32842100819357
76,2024-06-17,178.34263610839844,179.47984663362533,176.05824500140648,176.54703653660326,15272900,177.5279744466146,177.891748046875,177.9448836970509,177.66649270826187
77,2024-06-18,176.01834106445312,178.47232977667358,175.1903696963065,178.3526129863349,15640300,177.4315388997396,177.5445983886719,176.981612380752,177.1171088269923
78,2024-06-20,177.2752685546875,178.30274761221096,176.02832647308514,176.27771488940562,16753200,177.2120819091797,177.17550659179688,177.12844046771977,177.16982873622405
79,2024-06-21,179.81900024414062,182.06548977778695,177.62438544424907,178.0533413925893,59728000,177.7042032877604,177.87777709960938,178.4737203559302,178.0528859055296
80,2024-06-24,180.34771728515625,181.63457001481368,179.78908967783175,180.83652405229552,18198300,179.14732869466147,178.3605926513672,179.41071882054322,178.81782969873848
81,2024-06-25,185.12600708007812,185.29558937298282,180.66194843459428,180.70185910437223,18917700,181.76424153645834,179.71726684570314,182.2683629503107,180.92055549251836
82,2024-06-26,184.91650390625,185.47513148060867,183.53989030414039,183.74936803379498,13375700,183.46340942382812,181.4968994140625,183.59243342828034,182.25253829709558
83,2024-06-27,186.4028778076172,187.04131154215597,184.99632349166956,185.19085376197464,13025700,185.48179626464844,183.32242126464843,184.99765561794877,183.63598480060278
84,2024-06-28,182.97128295898438,186.1235560479781,182.87651414746847,185.26565932683323,23032400,184.76355489095053,183.9528778076172,183.98446928846658,183.41441752006332
85,2024-07-01,184.03868103027344,184.8865925121617,182.282976839143,184.02869575189413,11815900,184.470947265625,184.69107055664062,184.01157515937,183.62250535680005
86,2024-07-02,186.1534881591797,186.4926527487123,182.6121696398131,183.0211702914934,12555500,184.3878173828125,184.89656677246094,185.08253165927485,184.4661662909266
87,2024-07-03,186.93157958984375,187.1610126694522,184.93147963226727,185.8442497544593,7409100,185.70791625976562,185.2995819091797,186.0070556245593,185.28797072389898
88,2024-07-05,191.4904022216797,191.78965613462003,186.86175397018982,186.86175397018982,14303400,188.19182332356772,186.31708679199218,188.7487289231195,187.35544788982588
89,2024-07-08,190.01400756835938,191.2100794624036,188.8568569478659,190.8968522558618,12097600,189.4786631266276,187.7256317138672,189.38136824573945,188.24163444933706
90,2024-07-09,189.97410583496094,192.38818366721196,189.76461288613297,191.2808985867432,10198500,190.49283854166666,188.9127166748047,189.6777370403502,188.8191249112117
91,2024-07-10,192.18869018554688,192.83709397055367,190.15367221210454,190.2833590576902,12052900,190.72560119628906,190.11975708007813,190.93321361294852,189.9423133359901
92,2024-07-11,186.841796875,191.9392965040128,186.36297539734664,190.87190681971475,16452000,189.66819763183594,190.10180053710937,188.88750524397426,188.9088078489934
93,2024-07-12,186.3230743408203,188.22840551467343,185.68464059719207,186.46273124656832,14449100,188.45118713378906,189.0683349609375,187.6052897923973,188.04689667960238
94,2024-07-15,187.7296142578125,189.43542238832634,186.03377618356447,186.03377618356447,12186000,186.96482849121094,188.61145629882813,187.6674520251049,187.9411358723391
95,2024-07-16,185.04620361328125,189.87435966626694,184.66712835226258,188.4977459684165,12760100,186.36629740397134,187.6258758544922,186.3568278191931,186.97615845265315
96,2024-07-17,182.17323303222656,184.77684852952586,181.1756794351228,184.2281910068268,17376600,184.98301696777344,185.62278442382814,184.26503042570982,185.37518331251096
97,2024-07-18,178.7815704345703,183.59975650016696,177.77404670489432,183.0909943853675,17877200,182.00033569335938,184.0107391357422,181.52330043014007,183.1773123531974
98,2024-07-19,178.95114135742188,181.52483149590412,178.42243916222756,179.92873963249403,14485900,179.9686482747396,182.5363525390625,180.23722089378097,181.76858868793892
99,2024-07-22,182.90145874023438,183.84913161641725,181.4549938423416,181.90390513973452,16303900,180.21139017740884,181.5707214355469,181.5693398170077,182.14621203870408
100,2024-07-23,183.15086364746094,184.76689575505398,182.88151988904164,183.39026679142356,23772600,181.6678212483724,181.1916534423828,182.3601017322343,182.48109590828972
101,2024-07-24,173.94342041015625,177.5146642078622,173.1453896887478,174.96092936785044,31250700,179.9985809326172,179.54569091796876,178.15176107119527,179.63520407557857
102,2024-07-25,168.74618530273438,174.77140287322405,168.6364537883341,173.82372991510968,28967900,175.28015645345053,177.53861389160156,173.44897318696482,176.0055311512972
103,2024-07-26,168.267333984375,169.42449981381887,165.45923338568917,168.35712537670733,25150100,170.31897989908853,175.4018524169922,170.85815358566992,173.42613209565647
104,2024-07-29,170.71136474609375,171.7388438104518,169.30481041553955,170.08290106191825,13768900,169.24162801106772,172.96383361816407,170.78475916588184,172.52120964580223
105,2024-07-30,171.43955993652344,172.52688969235223,169.7038112167762,171.40963454665362,13681400,170.13941955566406,170.62157287597657,171.11215955120264,172.1606597427093
106,2024-07-31,172.72640991210938,175.47966775180512,171.2999154864961,174.49208414998458,15650200,171.6257781982422,170.3781707763672,171.919284731656,172.34924313250934
107,2024-08-01,172.0281219482422,175.25021593921025,170.0928654537449,171.55927052033985,17177800,172.064697265625,171.03455810546876,171.9737033399491,172.24220273775364
108,2024-08-02,167.98802185058594,169.79360667087548,165.9829445740305,167.77854411648468,18907800,170.9141845703125,170.97869567871095,169.98086259526752,170.82414244203108
109,2024-08-05,160.2470245361328,165.53406215007433,156.21691431633374,156.98501970001928,34907800,166.75438944498697,168.88582763671874,165.11394356570017,167.29843647339834
110,2024-08-06,160.14724731445312,161.95283210597046,157.74315472075523,160.55127052384475,36146500,162.79409790039062,166.6273651123047,162.63059544007666,164.91470675374995
111,2024-08-07,160.3567352294922,164.3868449259981,159.84798839215978,162.84064908073506,19334200,160.25033569335938,164.15343017578124,161.49366533478442,163.39538291233072
112,2024-08-08,163.43917846679688,165.09512109894575,161.63360888296103,161.94683608660438,15733600,161.31438700358072,162.43564147949218,162.46642190079064,163.4099814304861
113,2024-08-09,164.9853973388672,165.11508418405717,160.53630136851285,161.24956379559694,13549200,162.9271036783854,161.83511657714843,163.7259096198289,163.93512006661314
114,2024-08-12,163.54891967773438,166.29219224550243,163.1499043019161,165.5889150879175,12435000,163.9911651611328,162.49549560546876,163.63741464878166,163.80638660365355
115,2024-08-13,165.52406311035156,166.13257142097672,164.36691249169496,164.7808905421758,12717600,164.68612670898438,163.57085876464845,164.5807388795666,164.37894543921956
116,2024-08-14,161.6336212158203,164.5564614072886,159.13973702101785,163.80829614884786,22515900,163.5688680013021,163.82623596191405,163.10718004769348,163.46383736475315
117,2024-08-15,162.7708282470703,163.1199781153064,161.0949454110431,161.81318526118642,18392500,163.30950419108072,163.69256591796875,162.9390041473819,163.23283432552554
118,2024-08-16,164.33700561523438,166.54159081647663,162.6810627838333,163.0102573386151,16853100,162.913818359375,163.5628875732422,163.63800488130812,163.60089142209517
119,2024-08-19,167.98802185058594,168.0578579095931,165.68367544671148,166.59145288504388,13100800,165.03195190429688,164.4507080078125,165.81301336594703,165.0632682315921
120,2024-08-20,168.5466766357422,169.99312642887023,168.2474074871561,168.3272136082098,12622500,166.95723470052084,165.05523071289062,167.1798450008446,166.22440436630882
121,2024-08-21,167.2199249267578,168.2274486438132,166.16252048240128,166.58149119310136,15269600,167.91820780436197,166.17249145507813,167.1998849638012,166.55624455312517
122,2024-08-22,165.0851593017578,169.00553784668986,164.62627792452696,168.6264625881714,19123800,166.9505869547526,166.63535766601564,166.1425221327795,166.0658828026694
123,2024-08-23,167.02040100097656,167.53913316312168,165.25474199265742,166.14256413595498,14281600,166.44182840983072,167.17203674316406,166.58146156687803,166.38405553543845
124,2024-08-26,167.51918029785156,168.96564529480256,165.9131335036615,167.7436359619194,11990300,166.5415802001953,167.0782684326172,167.0503209323648,166.76243045624284
125,2024-08-27,165.9729766845703,167.83340444994326,165.7535136697684,167.1999633789916,13718200,166.83751932779947,166.56352844238282,166.51164880846756,166.49927919901867
126,2024-08-28,164.09756469726562,166.9804939484382,162.88054810611015,166.37198565286047,15208700,165.86324055989584,165.93905639648438,165.3046067528666,165.69870769843433
127,2024-08-29,163.00025939941406,167.2199222744975,161.5857290623454,165.65375574655528,17133800,164.35693359375,165.52207641601564,164.1524330761403,164.79922493209426
128,2024-08-30,164.70608520507812,164.87566750049032,163.01024702949522,163.818263057649,18498800,163.93463643391928,165.05921325683593,164.42925914060922,164.76817835642223
129,2024-09-03,158.22198486328125,162.98032003061525,157.4688269874829,162.91547660800205,26533100,161.97610982259116,163.19977416992188,161.32562200194525,162.5861138587086
130,2024-09-04,157.4239501953125,160.00761067823436,157.05486018959846,157.68830132238423,17410700,160.11734008789062,161.4899688720703,159.37478609862887,160.86539263757658
131,2024-09-05,158.21202087402344,160.62110633110024,157.1346610653026,157.3940195442412,14139500,157.95265197753906,160.31286010742187,158.79340348632616,159.98093538305886
132,2024-09-06,151.75784301757812,158.83049480687922,151.563312747768,158.3017925853155,24999100,155.79793802897134,158.0643768310547,155.27562325195214,157.2399045945653
133,2024-09-09,149.3705291748047,154.46475576754793,148.0320513690712,153.45590582289756,28057700,153.11346435546875,154.997265625,152.3230762133784,154.6167794546451
134,2024-09-10,149.83999633789062,152.12740974066355,149.37353031894136,151.2783669028401,20401800,150.32278951009116,153.32086791992188,151.0815362756345,153.02451841572696
135,2024-09-11,151.97756958007812,152.30719743582938,148.53148234849232,150.91877326605726,18991500,150.39603169759116,152.231591796875,151.52955292785632,152.67553547051068
136,2024-09-12,155.36373901367188,155.43366700723274,153.32605740008628,154.63457050017044,21024100,152.39376831054688,151.66193542480468,153.4466459707641,153.5716033182311
137,2024-09-13,158.19053649902344,159.09450976947784,155.93310292862597,156.18481627479954,16733900,155.17728169759116,152.94847412109374,155.81859123489377,155.11124771182855
138,2024-09-16,158.80984497070312,159.05956168163425,157.43140384908375,158.1505891958853,14157600,157.45470682779947,154.83633728027343,157.31421810279846,156.34411346478674
139,2024-09-17,160.09837341308594,161.40688651455386,159.22936415304198,159.9085862777894,12064800,159.03291829427084,156.8880126953125,158.7062957579422,157.59553344755315
140,2024-09-18,160.6277618408203,161.4468399030182,159.47907115910084,160.66772504660898,16756500,159.84532674153647,158.61805114746093,159.66702879938126,158.6062762453089
141,2024-09-19,163.05502319335938,164.80304010702167,162.33783450864624,164.63323457867423,17548200,161.26038614908853,160.15630798339845,161.3610259963703,160.08919189465905
142,2024-09-20,164.45343017578125,164.563306133998,162.99507793413136,164.3335710364531,46362700,162.71207173665366,161.40888671875,162.90722808607578,161.54393798836645
143,2024-09-23,162.88522338867188,166.42120530630135,162.76534900330415,165.15264014819059,15648400,163.46455891927084,162.22396240234374,162.8962257373738,161.9910331218016
144,2024-09-24,163.45455932617188,164.3635317542462,161.84638320015478,164.06386867184287,18774100,163.59773763020834,162.89519958496095,163.17539253177284,162.47887518992502
145,2024-09-25,162.8052978515625,164.03089711741433,162.590529915743,162.78531624884735,13607900,163.0483601888021,163.33070678710936,162.99034519166767,162.58768274380418
146,2024-09-26,163.64434814453125,165.31245385597128,163.31472027463025,164.84298524503635,18234500,163.30140177408853,163.44857177734374,163.31734666809945,162.93990454404656
147,2024-09-27,165.10269165039062,166.78079585063347,163.64435461360043,163.7242657889928,13604300,163.85077921549478,163.57842407226562,164.21001915924504,163.66083357949458
148,2024-09-30,167.00054931640625,167.1703548501229,164.45343582765975,164.59327657551455,14070100,165.24919637044272,164.4014892578125,165.60528423782563,164.77407215846515
149,2024-10-01,168.22914123535156,170.24685639829178,165.71199268248043,168.66864505713036,18629500,166.77746073404947,165.35640563964844,166.9172127365886,165.92576185076064
150,2024-10-02,167.1204071044922,168.68863534553668,166.0616107019645,167.56989413027304,12745000,167.45003255208334,166.21942749023438,167.01880992054038,166.32397693533784
151,2024-10-03,167.02052307128906,167.71972677770228,165.1825965896487,165.6320988394479,11004300,167.4566904703776,166.89466247558593,167.01966649591472,166.5561589806549
152,2024-10-04,168.36898803710938,169.3578716717171,166.77081027668547,169.14810293413436,11422100,167.50330607096353,167.54792175292968,167.69432726651206,167.1604353328064
153,2024-10-07,164.20370483398438,169.7074551533261,163.94400496527305,168.94832190836428,14034700,166.53107198079428,166.98855285644532,165.94901605024822,166.17485849986573
154,2024-10-08,165.51222229003906,165.91177814667768,164.1237980764021,165.2425239919952,11723900,166.02830505371094,166.4451690673828,165.73061917014365,165.95397976325685
155,2024-10-09,162.87521362304688,166.0715842494524,160.9374096441174,164.66817765222203,19666400,164.1970469156901,165.59613037109375,164.30291639659526,164.92772438318687
156,2024-10-10,162.9950714111328,164.12480167178114,161.45682329915618,161.9262918980673,12900500,163.7941691080729,164.7910400390625,163.64899390386404,164.28350672583554
157,2024-10-11,164.3335723876953,165.0827224976519,162.31585715725947,163.14491844125786,10946000,163.40128580729166,163.98395690917968,163.99128314577968,164.3001952797888
158,2024-10-14,166.1614990234375,167.43004889126075,164.5932708244699,164.72312838633286,9981800,164.49671427408853,164.37551574707032,165.0763910846086,164.92062986100504
159,2024-10-15,166.7108612060547,168.8983819154721,165.8618335791902,166.95059472266811,14829300,165.73531087239584,164.61524353027343,165.89362614533164,165.51737364268826
160,2024-10-16,166.55105590820312,167.09043727455702,165.02878083042955,165.84185377313815,9968500,166.47447204589844,165.35041198730468,166.22234102676737,165.8619343978599
161,2024-10-17,164.32357788085938,167.73970063468835,164.18373713332832,167.19033606749383,15113400,165.86183166503906,165.61611328125,165.27295945381337,165.34914889219306
162,2024-10-18,164.8629608154297,166.1814570052866,164.56329774089494,164.68315687411,13091300,165.24586486816406,165.72199096679688,165.06796013462153,165.18708619993862
163,2024-10-21,165.61212158203125,166.03164381688842,164.11880532391672,164.39350284394692,11384000,164.9328867594401,165.61211547851562,165.3400408583264,165.32876466063618
164,2024-10-22,166.63096618652344,167.28022350717583,164.48339343071603,164.51335821526936,11958600,165.70201619466147,165.59613647460938,165.98550352242492,165.76283183593193
165,2024-10-23,164.29360961914062,167.4100844491101,163.4475693041026,166.24139686193527,12754300,165.5122324625651,165.14464721679687,165.13955657078276,165.2730910970015
166,2024-10-24,164.3435516357422,164.862966633834,162.58555157338998,164.40348120446478,12764400,165.0893758138021,165.14864196777344,164.74155410326247,164.96324460991508
167,2024-10-25,166.80076599121094,167.21028977989147,165.04275073639812,165.17760750375996,14566400,165.1459757486979,165.53620300292968,165.77116004723672,165.57575173701372
168,2024-10-28,168.14923095703125,170.41266955461435,165.60211760655622,170.3966812236567,20858300,166.43118286132812,166.0436248779297,166.96019550213398,166.43357814368625
169,2024-10-29,170.94606018066406,171.66524548184103,168.4688748329976,169.19304410385806,28916100,168.63201904296875,166.90664367675782,168.953127841399,167.93773882267885
170,2024-10-30,175.94039916992188,183.58172416401078,175.54584251265254,182.2032983314778,49698300,171.6785634358724,169.23600158691406,172.44676350566044,170.60529227175988
171,2024-10-31,172.4943084716797,178.21781091301466,172.3644509116493,174.5220068368585,32801900,173.12692260742188,170.86615295410155,172.47053598867006,171.23496433839983
172,2024-11-01,172.454345703125,173.62303326337351,170.11700106562338,171.34560295331048,21752900,173.6296844482422,171.9968688964844,172.46244084589753,171.64142479330823
173,2024-11-04,170.486572265625,171.72517254211823,169.292934406109,171.04595045731364,16194000,171.8117421468099,172.46433715820314,171.47450655576125,171.25647395074716
174,2024-11-05,171.21575927734375,171.90197722262147,170.17692928568974,170.63641471305547,12518300,171.38555908203125,172.51827697753907,171.3451329165525,171.24290239294604
175,2024-11-06,178.12791442871094,178.43756069138865,174.84163419239505,175.15129569657023,27061500,173.27674865722656,172.95578002929688,174.73652367263173,173.53790640486767
176,2024-11-07,182.0734405517578,182.37310364247196,178.68728268213337,178.90703459922386,16730400,177.1390380859375,174.8716064453125,178.40498211219477,176.38308445383106
177,2024-11-08,179.65618896484375,182.14337286279397,179.36652428990095,181.7937633750887,15021500,179.9525146484375,176.31197509765624,179.03058553851926,177.4741192908353
178,2024-11-11,181.7637939453125,181.87866911496587,179.78604193663656,179.86595311011308,12503400,181.1644744873047,178.56741943359376,180.3971897419159,178.9040108423277
179,2024-11-12,183.11227416992188,183.8164618709321,180.7849126324006,181.17447008554376,14065800,181.51075236002603,180.94672241210938,181.75473195591888,180.3067652848591
180,2024-11-13,180.2854766845703,182.40806866359944,179.91588559929718,181.9435840117087,13969700,181.72051493326822,181.37823486328125,181.0201043202446,180.29966908476285
181,2024-11-14,177.14903259277344,180.24052654964984,175.83052110445558,179.54630680962694,17925800,180.18226114908853,180.3933532714844,179.08456845650903,179.2494569207664
182,2024-11-15,173.6929473876953,175.68069780829796,172.5492406331188,175.44096428915813,21708900,177.04248555501303,179.2007049560547,176.38875792210217,177.39728707640938
183,2024-11-18,176.5996551513672,176.70953111018625,174.2223472650081,174.75674466660527,18725400,175.81387837727866,178.16787719726562,176.49420653673468,177.13140976806199
184,2024-11-19,179.37649536132812,179.96582309430366,174.91754961402577,175.03641805114046,15392900,176.55636596679688,177.42072143554688,177.9353509490314,177.87977163248405
185,2024-11-20,177.12904357910156,178.90702518454475,175.13131006813194,178.62734371232878,15729800,177.70173136393228,176.78943481445313,177.5321972640665,177.62952894802322
186,2024-11-21,169.0482177734375,175.38102944221177,165.12266343870064,175.2561710958645,38839400,175.18458557128906,175.16927185058594,173.290207518752,174.769091889828
187,2024-11-22,166.38125610351562,168.07432746409233,165.52223001533417,166.97058387849523,24497000,170.85283915201822,173.70693359375,169.83573181113383,171.97314662772388
188,2024-11-25,169.2379913330078,170.26683813927568,167.2102929875674,167.79963597170087,21395700,168.2224884033203,172.23460083007814,169.53686157207082,171.06142819615187
189,2024-11-26,170.42665100097656,171.30065946360386,169.2379970531637,169.29794186488792,14937500,168.68196614583334,170.44463195800782,169.9817562865237,170.8498357977601
190,2024-11-27,170.62643432617188,170.94606377703184,169.47772835969613,170.48657834214197,12433400,170.0970255533854,169.14411010742188,170.3040953063478,170.77536864056404
191,2024-11-29,170.2967987060547,170.67635770909138,168.5587650637913,169.86727807542474,9250700,170.44996134440103,169.39382629394532,170.30044700620124,170.61584532906093
192,2024-12-02,172.7839813232422,173.40328912685484,170.07706072822788,170.12700711841413,16593400,171.2357381184896,170.67437133789062,171.5422141647217,171.33855732712135
193,2024-12-03,172.82394409179688,174.12247402584057,172.3145122512922,172.92382163041665,15721500,171.9682413736979,171.39156188964844,172.1830791282593,171.83368624867987
194,2024-12-04,175.8904571533203,176.2300682189443,172.55424558548813,172.58421037119035,18239800,173.83279418945312,172.48432312011718,174.0367681407898,173.18594321689335
195,2024-12-05,174.1124725341797,177.5086288588593,173.8128094406053,177.119071409662,16145500,174.27562459309897,173.18153076171876,174.07462033748476,173.49478632265547
196,2024-12-06,176.29000854492188,176.63861208568355,173.35333768886213,173.68296556469517,13319500,175.43097941080728,174.3801727294922,175.18231444120332,174.42652706341096
197,2024-12-09,177.10000610351562,178.0399932861328,175.39999389648438,175.71499633789062,19887800,175.83416239420572,175.24337768554688,176.14116027235946,175.31768674344585
198,2024-12-10,186.52999877929688,188.02999877929688,182.6699981689453,184.53500366210938,34317400,179.97333780924478,177.98458862304688,181.33557952582817,179.05512408872954
199,2024-12-11,196.7100067138672,196.88999938964844,186.25999450683594,186.6999969482422,41664500,186.7800038655599,182.14849853515625,189.02279311984768,184.94008496377543
200,2024-12-12,193.6300048828125,196.7050018310547,193.27999877929688,196.3000030517578,25197800,192.29000345865884,186.0520050048828,191.3263990013301,187.8367249367878
201,2024-12-13,191.3800048828125,194.33999633789062,191.25999450683594,192.7100067138672,18883200,193.90667215983072,189.07000427246095,191.35320194207128,189.01781825212936
202,2024-12-16,198.16000366210938,200.63999938964844,194.11000061035156,194.36500549316406,32248600,194.39000447591147,193.2820037841797,194.75660280209033,192.06521338878937
203,2024-12-17,197.1199951171875,202.8800048828125,196.69000244140625,198.52999877929688,24129500,195.55333455403647,195.4000030517578,195.93829895963893,193.75014063158878
204,2024-12-18,190.14999389648438,198.69000244140625,189.27999877929688,196.8300018310547,27638400,195.1433308919271,194.08800048828124,193.04414642806165,192.55009171988732
205,2024-12-19,189.6999969482422,194.60000610351562,189.52000427246094,193.27999877929688,26981200,192.32332865397134,193.3019989013672,191.37207168815192,191.60006012933894
206,2024-12-20,192.9600067138672,194.13499450683594,186.3699951171875,187.00999450683594,45319700,190.9366658528646,193.6179992675781,192.16603920100954,192.05337565751503
207,2024-12-23,195.99000549316406,196.49000549316406,191.6300048828125,194.02999877929688,15235900,192.88333638509116,193.18399963378906,194.0780223470868,193.3655856027314
208,2024-12-24,197.57000732421875,197.6699981689453,195.197998046875,196.1699981689453,6809800,195.50667317708334,193.2740020751953,195.82401483565278,194.76705950989384
209,2024-12-26,197.10000610351562,198.16000366210938,195.8699951171875,196.74000549316406,7907900,196.8866729736328,194.66400451660155,196.4620104695842,195.54470837443444
210,2024-12-27,194.0399932861328,196.8000030517578,191.9720001220703,196.47000122070312,14693000,196.2366689046224,195.5320037841797,195.2510018778585,195.0431366783339
211,2024-12-30,192.69000244140625,193.77999877929688,190.36000061035156,190.86500549316406,12209500,194.61000061035156,195.4780029296875,193.97050215963236,194.25875859935803
212,2024-12-31,190.44000244140625,193.25,189.5800018310547,192.44500732421875,14355200,192.38999938964844,194.36800231933594,192.2052523005193,192.98583988004077
213,2025-01-02,190.6300048828125,193.1999969482422,188.7100067138672,191.48500061035156,17545200,191.25333658854166,192.9800018310547,191.4176285916659,192.20056154763137
214,2025-01-03,193.1300048828125,194.5,191.35000610351562,192.72500610351562,12875000,191.4000040690104,192.18600158691407,192.2738167372392,192.51037599269176
215,2025-01-06,197.9600067138672,199.55999755859375,195.05999755859375,195.14999389648438,19483300,193.90667215983072,192.97000427246093,195.1169117255532,194.3269195664169
216,2025-01-07,196.7100067138672,202.13999938964844,195.94000244140625,198.27000427246094,16966800,195.93333943684897,193.7740051269531,195.9134592197102,195.12128194890033
217,2025-01-08,195.38999938964844,197.63999938964844,193.75,193.9499969482422,14335300,196.6866709391276,194.76400451660157,195.65172930467932,195.21085442914972
218,2025-01-10,193.1699981689453,197.6199951171875,191.60000610351562,195.4199981689453,20753800,195.09000142415366,195.27200317382812,194.4108637368123,194.5305690090816
219,2025-01-13,192.2899932861328,192.49000549316406,188.66000366210938,191.35000610351562,13169100,193.61666361490884,195.1040008544922,193.35042851147256,193.78371043476537
220,2025-01-14,191.0500030517578,193.27000427246094,189.63999938964844,192.5,13651200,192.1699981689453,193.7220001220703,192.20021578161519,192.87247464042954
221,2025-01-15,196.97999572753906,197.8000030517578,193.3300018310547,194.35000610351562,12894900,193.43999735514322,193.7759979248047,194.5901057545771,194.24164833613273
222,2025-01-16,194.41000366210938,196.97999572753906,194.3000030517578,195.8249969482422,13449600,194.14666748046875,193.5799987792969,194.50005470834324,194.29776677812498
223,2025-01-17,197.5500030517578,198.80999755859375,195.30999755859375,198.0500030517578,22109100,196.3133341471354,194.45599975585938,196.0250288800505,195.3818455360026
224,2025-01-21,199.6300048828125,203.83999633789062,199.44000244140625,200.50999450683594,19005200,197.19667053222656,195.92400207519532,197.8275168814315,196.79789865160592
225,2025-01-22,200.02999877929688,202.1199951171875,199.1999969482422,200.5500030517578,15477400,199.07000223795572,197.72000122070312,198.9287578303642,197.87526536083627
226,2025-01-23,199.5800018310547,201.94000244140625,196.82000732421875,199.97999572753906,15170800,199.74666849772134,198.24000244140626,199.25437983070944,198.4435108509091
227,2025-01-24,201.89999389648438,202.57000732421875,199.78399658203125,199.85000610351562,12732400,200.50333150227866,199.73800048828124,200.57718686359692,199.59567186610087
228,2025-01-27,193.77000427246094,198.6699981689453,192.6999969482422,194.19000244140625,24970200,198.41666666666666,198.98200073242188,197.17359556802893,197.6537826682209
229,2025-01-28,197.07000732421875,197.22999572753906,192.61000061035156,194.64999389648438,15939200,197.5800018310547,198.47000122070312,197.12180144612384,197.4591908868869
230,2025-01-29,197.17999267578125,198.4600067138672,195.19000244140625,197.3699951171875,12287800,196.0066680908203,197.9,197.15089706095256,197.36612481651835
231,2025-01-30,202.6300048828125,203.23800659179688,199.4720001220703,199.75999450683594,14571500,198.96000162760416,198.51000061035157,199.89045097188253,199.1207515052831
232,2025-01-31,205.60000610351562,207.0800018310547,203.5800018310547,203.71499633789062,17087300,201.80333455403647,199.2500030517578,202.74522853769906,201.2805030380273
233,2025-02-03,202.63999938964844,205.22000122070312,201.66000366210938,202.21499633789062,16719500,203.6233367919922,201.0240020751953,202.69261396367375,201.73366848856767
234,2025-02-04,207.7100067138672,208.6999969482422,204.25999450683594,204.5,28285400,205.3166707356771,203.152001953125,205.20131033877047,203.72578123033418
235,2025-02-05,193.3000030517578,194.5500030517578,189.91000366210938,193.10000610351562,43666400,201.21666971842447,202.37600402832032,199.25065669526413,200.25052183747542
236,2025-02-06,193.30999755859375,193.8300018310547,190.49000549316406,190.99000549316406,20816600,198.1066691080729,200.51200256347656,196.28032712692894,197.9370137445149
237,2025-02-07,187.13999938964844,193.01499938964844,185.10000610351562,192.74000549316406,29565700,191.25,196.82000122070312,191.71016325828867,194.33800895955943
238,2025-02-10,188.1999969482422,189.99000549316406,187.61000061035156,189.05999755859375,16606000,189.54999796549478,193.93200073242187,189.95508010326543,192.29200495578704
239,2025-02-11,187.07000732421875,188.8000030517578,186.0800018310547,186.8350067138672,13028100,187.47000122070312,189.8040008544922,188.5125437137421,190.5513390785976
240,2025-02-12,185.42999267578125,186.8300018310547,183.6300048828125,185.22999572753906,17632300,186.8999989827474,188.22999877929686,186.97126819476168,188.84422361099217
241,2025-02-13,187.8800048828125,187.99000549316406,184.8800048828125,185.92999267578125,12729300,186.7933349609375,187.1440002441406,187.4256365387871,188.52281736826563
242,2025-02-14,186.8699951171875,188.14999389648438,186.11000061035156,186.8300018310547,12714200,186.7266642252604,187.08999938964843,187.1478158279873,187.97187661790628
243,2025-02-18,185.8000030517578,187.77999877929688,183.5800018310547,187.44000244140625,19796000,186.8500010172526,186.61000061035156,186.47390943987256,187.24791876252345
244,2025-02-19,187.1300048828125,187.36000061035156,185.5,186.18499755859375,13120500,186.6000010172526,186.62200012207032,186.80195716134253,187.20861413595316
245,2025-02-20,186.63999938964844,187.1199951171875,184.60000610351562,186.5,12063800,186.5233357747396,186.86400146484374,186.7209782754955,187.01907588718493
246,2025-02-21,181.5800018310547,187.47000122070312,181.1300048828125,187.2899932861328,19520800,185.11666870117188,185.6040008544922,184.1504900532751,185.20605120180818
247,2025-02-24,181.19000244140625,185.08999633789062,180.8800048828125,183.8000030517578,18734000,183.13666788736978,184.46800231933594,182.67024624734069,183.8673682816742
248,2025-02-25,177.3699951171875,180.75999450683594,176.77000427246094,180.15499877929688,20832500,180.04666646321616,182.78200073242186,180.0201206822641,181.7015772268453
249,2025-02-26,174.6999969482422,178.0800018310547,173.58999633789062,176.94500732421875,23637200,177.75333150227866,180.2959991455078,177.36005881525313,179.3677171339776
250,2025-02-27,170.2100067138672,176.58999633789062,169.7519989013672,175.94000244140625,25930500,174.09333292643228,177.01000061035157,173.78503276456016,176.3151469939408
251,2025-02-28,172.22000122070312,172.5,168.38999938964844,170.3000030517578,30049800,172.37666829427084,175.13800048828125,173.00251699263163,174.95009840286158
252,2025-03-03,168.66000366210938,175.0,167.63999938964844,173.72999572753906,24061600,170.36333719889322,172.6320007324219,170.8312603273705,172.8534001559442
